{
    "n_estimators": 5,
    "max_depth": 20,
    "feature_importances": [
        0.1377034299566333,
        0.5194589504609538,
        0.2104992700356524,
        0.13233834954676055
    ],
    "estimators": [
        {
            "n_nodes": 15,
            "children_left": [
                1,
                3,
                -1,
                5,
                9,
                7,
                -1,
                -1,
                -1,
                -1,
                11,
                13,
                -1,
                -1,
                -1
            ],
            "children_right": [
                2,
                4,
                -1,
                6,
                10,
                8,
                -1,
                -1,
                -1,
                -1,
                12,
                14,
                -1,
                -1,
                -1
            ],
            "feature": [
                1,
                3,
                -2,
                2,
                0,
                1,
                -2,
                -2,
                -2,
                -2,
                2,
                0,
                -2,
                -2,
                -2
            ],
            "threshold": [
                11.5,
                4.5,
                -2.0,
                111.0,
                236.5,
                6.5,
                -2.0,
                -2.0,
                -2.0,
                -2.0,
                66.5,
                239.0,
                -2.0,
                -2.0,
                -2.0
            ],
            "class_label": [
                -10,
                -10,
                0,
                -10,
                -10,
                -10,
                1,
                1,
                0,
                0,
                -10,
                -10,
                0,
                1,
                0
            ],
            "leaves": [
                0,
                0,
                1,
                0,
                0,
                0,
                1,
                1,
                1,
                1,
                0,
                0,
                1,
                1,
                1
            ]
        },
        {
            "n_nodes": 23,
            "children_left": [
                1,
                3,
                17,
                11,
                5,
                7,
                -1,
                -1,
                9,
                -1,
                -1,
                -1,
                13,
                15,
                -1,
                -1,
                -1,
                19,
                -1,
                21,
                -1,
                -1,
                -1
            ],
            "children_right": [
                2,
                4,
                18,
                12,
                6,
                8,
                -1,
                -1,
                10,
                -1,
                -1,
                -1,
                14,
                16,
                -1,
                -1,
                -1,
                20,
                -1,
                22,
                -1,
                -1,
                -1
            ],
            "feature": [
                3,
                2,
                2,
                2,
                0,
                2,
                -2,
                -2,
                1,
                -2,
                -2,
                -2,
                0,
                1,
                -2,
                -2,
                -2,
                0,
                -2,
                0,
                -2,
                -2,
                -2
            ],
            "threshold": [
                4.5,
                61.5,
                65.5,
                60.5,
                508.5,
                111.0,
                -2.0,
                -2.0,
                11.5,
                -2.0,
                -2.0,
                -2.0,
                179.5,
                8.0,
                -2.0,
                -2.0,
                -2.0,
                239.0,
                -2.0,
                236.5,
                -2.0,
                -2.0,
                -2.0
            ],
            "class_label": [
                -10,
                -10,
                -10,
                -10,
                -10,
                -10,
                0,
                0,
                -10,
                1,
                0,
                0,
                -10,
                -10,
                0,
                1,
                0,
                -10,
                0,
                -10,
                0,
                0,
                1
            ],
            "leaves": [
                0,
                0,
                0,
                0,
                0,
                0,
                1,
                1,
                0,
                1,
                1,
                1,
                0,
                0,
                1,
                1,
                1,
                0,
                1,
                0,
                1,
                1,
                1
            ]
        },
        {
            "n_nodes": 13,
            "children_left": [
                1,
                7,
                3,
                5,
                -1,
                9,
                -1,
                -1,
                -1,
                -1,
                11,
                -1,
                -1
            ],
            "children_right": [
                2,
                8,
                4,
                6,
                -1,
                10,
                -1,
                -1,
                -1,
                -1,
                12,
                -1,
                -1
            ],
            "feature": [
                0,
                1,
                1,
                2,
                -2,
                0,
                -2,
                -2,
                -2,
                -2,
                1,
                -2,
                -2
            ],
            "threshold": [
                179.5,
                6.5,
                11.5,
                116.0,
                -2.0,
                236.5,
                -2.0,
                -2.0,
                -2.0,
                -2.0,
                8.5,
                -2.0,
                -2.0
            ],
            "class_label": [
                -10,
                -10,
                -10,
                -10,
                0,
                -10,
                1,
                1,
                0,
                0,
                -10,
                1,
                0
            ],
            "leaves": [
                0,
                0,
                0,
                0,
                1,
                0,
                1,
                1,
                1,
                1,
                0,
                1,
                1
            ]
        },
        {
            "n_nodes": 13,
            "children_left": [
                1,
                3,
                -1,
                5,
                7,
                -1,
                9,
                -1,
                -1,
                -1,
                11,
                -1,
                -1
            ],
            "children_right": [
                2,
                4,
                -1,
                6,
                8,
                -1,
                10,
                -1,
                -1,
                -1,
                12,
                -1,
                -1
            ],