{
    "n_estimators": 5,
    "max_depth": 20,
    "feature_importances": [
        0.135361598919671,
        0.5993441175410186,
        0.054409232572637946,
        0.17266333811945725,
        0.03822171284721524
    ],
    "estimators": [
        {
            "n_nodes": 21,
            "children_left": [
                1,
                7,
                3,
                13,
                5,
                9,
                -1,
                -1,
                -1,
                11,
                -1,
                -1,
                -1,
                15,
                -1,
                -1,
                17,
                -1,
                19,
                -1,
                -1
            ],
            "children_right": [
                2,
                8,
                4,
                14,
                6,
                10,
                -1,
                -1,
                -1,
                12,
                -1,
                -1,
                -1,
                16,
                -1,
                -1,
                18,
                -1,
                20,
                -1,
                -1
            ],
            "feature": [
                0,
                1,
                2,
                0,
                1,
                1,
                -2,
                -2,
                -2,
                0,
                -2,
                -2,
                -2,
                4,
                -2,
                -2,
                3,
                -2,
                3,
                -2,
                -2
            ],
            "threshold": [
                179.5,
                6.5,
                116.0,
                237.5,
                11.5,
                10.5,
                -2.0,
                -2.0,
                -2.0,
                380.0,
                -2.0,
                -2.0,
                -2.0,
                2.5,
                -2.0,
                -2.0,
                4.5,
                -2.0,
                5.5,
                -2.0,
                -2.0
            ],
            "class_label": [
                -10,
                -10,
                -10,
                -10,
                -10,
                -10,
                0,
                1,
                0,
                -10,
                1,
                1,
                1,
                -10,
                0,
                0,
                -10,
                0,
                -10,
                1,
                0
            ],
            "leaves": [
                0,
                0,
                0,
                0,
                0,
                0,
                1,
                1,
                1,
                0,
                1,
                1,
                1,
                0,
                1,
                1,
                0,
                1,
                0,
                1,
                1
            ]
        },
        {
            "n_nodes": 23,
            "children_left": [
                1,
                3,
                -1,
                5,
                11,
                -1,
                7,
                -1,
                9,
                -1,
                15,
                -1,
                13,
                -1,
                -1,
                17,
                19,
                -1,
                -1,
                -1,
                21,
                -1,
                -1
            ],
            "children_right": [
                2,
                4,
                -1,
                6,
                12,
                -1,
                8,
                -1,
                10,
                -1,
                16,
                -1,
                14,
                -1,
                -1,
                18,
                20,
                -1,
                -1,
                -1,
                22,
                -1,
                -1
            ],
            "feature": [
                1,
                3,
                -2,
                4,
                0,
                -2,
                3,
                -2,
                0,
                -2,
                0,
                -2,
                4,
                -2,
                -2,
                1,
                0,
                -2,
                -2,
                -2,
                0,
                -2,
                -2
            ],
            "threshold": [
                11.5,
                4.5,
                -2.0,
                2.5,
                236.5,
                -2.0,
                1.5,
                -2.0,
                176.0,
                -2.0,
                249.0,
                -2.0,
                2.5,
                -2.0,
                -2.0,
                6.5,
                350.5,
                -2.0,
                -2.0,
                -2.0,
                466.5,
                -2.0,
                -2.0
            ],
            "class_label": [
                -10,
                -10,
                0,
                -10,
                -10,
                0,
                -10,
                0,
                -10,
                0,
                -10,
                0,
                -10,
                0,
                1,
                -10,
                -10,
                1,
                0,
                1,
                -10,
                0,
                1
            ],
            "leaves": [
                0,
                0,
                1,
                0,
                0,
                1,
                0,
                1,
                0,
                1,
                0,
                1,
                0,
                1,
                1,
                0,
                0,
                1,
                1,
                1,
                0,
                1,
                1
            ]
        },
        {
            "n_nodes": 25,
            "children_left": [
                1,
                3,
                11,
                5,
                -1,
                7,
                21,
                -1,
                9,
                -1,
                -1,
                13,
                -1,
                -1,
                15,
                17,
                -1,
                -1,
                19,
                -1,
                -1,
                23,
                -1,
                -1,
                -1
            ],
            "children_right": [
                2,
                4,
                12,
                6,
                -1,
                8,
                22,
                -1,
                10,
                -1,
                -1,
                14,
                -1,
                -1,
                16,
                18,
                -1,
                -1,
                20,
                -1,
                -1,
                24,
                -1,
                -1,
                -1
            ],
            "feature": [
                3,
                1,
                2,
                2,
                -2,
                4,
                1,
                -2,
                1,
                -2,
                -2,
                4,
                -2,
                -2,
                0,
                2,
                -2,
                -2,
                0,
                -2,
                -2,
                0,
                -2,
                -2,
                -2
            ],